Week_Start_Date,Actual_Demand,Historical_Forecast,Price,Promo_Flag,Promo_Depth,Event_Flag,Economic_Index,Merger_Flag,Stockout_Flag,Exceptional_Event
2023-01-02,47510,53710,2750,0,0.0,1,82.2,0,0,
2023-01-09,42520,48870,2750,0,0.0,1,80.8,0,1,
2023-01-16,45840,45600,2750,0,0.0,1,81.9,0,1,
2023-01-23,44720,47090,2750,0,0.0,1,82.2,0,1,
2023-01-30,46180,44980,2750,0,0.0,0,81.4,0,0,
2023-02-06,46040,40470,2750,0,0.0,0,83.6,0,0,
2023-02-13,41930,51040,2750,0,0.0,0,81.0,0,0,
2023-02-20,39700,46770,3050,0,0.0,0,82.3,0,0,
2023-02-27,40390,40410,3050,1,6.9,0,80.2,0,0,
2023-03-06,38480,34150,3050,0,0.0,0,83.6,0,0,
2023-03-13,47760,40910,3050,1,6.9,0,84.0,0,0,
2023-03-20,44590,40340,3050,1,7.7,0,84.0,0,0,
2023-03-27,43310,44910,3050,1,7.8,0,86.9,0,0,
2023-04-03,41180,49170,3050,0,0.0,0,84.6,0,0,
2023-04-10,44060,50400,3050,1,4.9,0,82.5,0,0,
2023-04-17,44400,43780,3050,1,7.4,0,86.9,0,0,
2023-04-24,38830,43940,2990,0,0.0,0,82.7,0,0,
2023-05-01,52240,49560,2990,0,0.0,0,84.9,0,0,
2023-05-08,51780,46270,2990,0,0.0,0,85.0,0,0,
2023-05-15,52280,46710,2990,1,3.5,0,83.1,0,0,
2023-05-22,49560,48410,2990,0,0.0,0,86.0,0,0,
2023-05-29,50600,55400,2990,0,0.0,0,84.8,0,0,
2023-06-05,43690,52340,2990,0,0.0,0,85.2,0,0,
2023-06-12,41470,51870,2990,0,0.0,0,83.8,0,0,
2023-06-19,69980,46800,2990,1,8.0,0,86.3,0,0,
2023-06-26,37070,54710,3080,0,0.0,0,83.9,0,0,
2023-07-03,44830,48900,3080,0,0.0,1,82.9,0,0,
2023-07-10,46790,47730,3080,0,0.0,1,87.0,0,0,
2023-07-17,47310,53060,3080,0,0.0,1,85.1,0,0,
2023-07-24,46660,47450,3080,0,0.0,1,85.9,0,0,
2023-07-31,50260,45020,3080,0,0.0,1,88.5,0,0,
2023-08-07,49970,45380,3080,0,0.0,1,87.8,0,0,
2023-08-14,39410,47430,3080,0,0.0,0,87.5,0,0,
2023-08-21,55080,47970,3080,1,4.1,0,88.3,0,0,
2023-08-28,46840,53310,3150,0,0.0,0,86.5,0,0,
2023-09-04,40180,44000,3150,0,0.0,0,88.5,0,0,
2023-09-11,41820,44350,3150,1,4.9,0,89.2,0,0,
2023-09-18,48930,43970,3150,1,3.5,0,89.1,0,0,
2023-09-25,44340,42570,3150,0,0.0,0,88.3,0,0,
2023-10-02,43150,49260,3090,0,0.0,0,84.3,0,0,
2023-10-09,58040,46380,3090,1,7.2,0,89.8,0,0,
2023-10-16,53540,47810,3090,1,5.4,0,89.5,0,0,
2023-10-23,46360,55780,3090,0,0.0,0,89.2,0,0,
2023-10-30,62540,59750,3090,0,0.0,0,90.9,0,0,
2023-11-06,46670,65150,3600,0,0.0,0,90.6,0,0,
2023-11-13,55220,52710,3600,0,0.0,1,90.8,0,0,
2023-11-20,55150,54870,3600,0,0.0,1,89.1,0,0,
2023-11-27,54180,54010,3600,0,0.0,1,89.4,0,0,
2023-12-04,69920,62020,3600,0,0.0,1,91.9,0,0,
2023-12-11,41610,72380,3600,0,0.0,1,91.8,0,1,Supply disruption: gas curtailment to plants; dispatches constrained
2023-12-18,54260,55420,3600,0,0.0,1,92.2,0,1,Supply disruption: gas curtailment (recovering)
2023-12-25,75850,49420,3600,0,0.0,1,93.6,0,0,
2024-01-01,50070,49320,3950,0,0.0,1,95.3,0,0,
2024-01-08,54090,48140,3950,0,0.0,1,96.2,0,0,
2024-01-15,60990,57600,3950,0,0.0,1,97.8,0,0,
2024-01-22,59950,56120,3950,0,0.0,1,99.3,0,0,
2024-01-29,46750,54300,3950,0,0.0,0,101.5,0,0,
2024-02-05,44050,47550,3950,0,0.0,0,101.2,0,0,
2024-02-12,46880,52670,3950,0,0.0,0,104.1,0,0,
2024-02-19,50780,46920,3950,0,0.0,0,105.4,0,0,
2024-02-26,50800,46850,3950,0,0.0,0,106.1,0,0,
2024-03-04,39340,36120,3950,0,0.0,0,105.4,0,0,
2024-03-11,46150,47310,3950,0,0.0,0,106.4,0,0,
2024-03-18,45940,47360,3880,0,0.0,0,107.0,0,0,
2024-03-25,44230,49900,3880,0,0.0,0,104.7,0,0,
2024-04-01,49410,45630,3880,0,0.0,0,106.1,0,0,
2024-04-08,49560,45670,3880,0,0.0,0,106.1,0,0,
2024-04-15,43450,45160,3880,0,0.0,0,105.2,0,0,
2024-04-22,44510,45300,3880,0,0.0,0,105.3,0,0,
2024-04-29,46880,54430,3880,0,0.0,0,104.1,0,0,
2024-05-06,53870,51300,3880,0,0.0,0,104.7,0,0,
2024-05-13,58150,47520,3880,0,0.0,0,103.6,0,0,
2024-05-20,43700,55230,3960,0,0.0,0,104.1,0,0,
2024-05-27,42930,51030,3960,0,0.0,0,103.6,0,0,Weather: severe heatwave halts field operations
2024-06-03,54410,48920,3960,0,0.0,0,103.0,0,0,
2024-06-10,51130,46980,3960,0,0.0,0,103.5,0,0,
2024-06-17,53300,62010,3960,0,0.0,0,102.3,0,0,
2024-06-24,48700,48560,3960,0,0.0,0,101.0,0,0,
2024-07-01,55030,47720,4030,0,0.0,1,100.5,1,0,
2024-07-08,58370,51130,4030,0,0.0,1,99.4,1,0,
2024-07-15,61630,53350,4030,0,0.0,1,99.9,1,0,
2024-07-22,73330,62160,4030,0,0.0,1,99.3,1,0,
2024-07-29,63250,62580,4030,0,0.0,1,100.9,1,0,
2024-08-05,60270,61430,4030,0,0.0,1,100.6,1,0,
2024-08-12,53200,57690,4030,0,0.0,1,100.2,1,0,
2024-08-19,52290,66770,4030,0,0.0,0,100.7,1,0,
2024-08-26,47840,57070,4030,0,0.0,0,96.4,1,0,
2024-09-02,56220,53970,4030,0,0.0,0,98.4,1,0,
2024-09-09,44130,47990,4030,0,0.0,0,98.3,1,0,
2024-09-16,49520,51070,3960,0,0.0,0,97.7,1,0,
2024-09-23,55930,55430,3960,0,0.0,0,99.4,1,0,
2024-09-30,57430,53070,3960,0,0.0,0,99.6,1,0,
2024-10-07,48940,66030,3960,0,0.0,0,97.4,1,0,
2024-10-14,55510,60970,3960,0,0.0,0,96.8,1,0,
2024-10-21,54190,52040,3960,0,0.0,0,94.4,1,0,
2024-10-28,50950,61490,3960,0,0.0,0,94.1,1,0,
2024-11-04,69040,60050,3960,0,0.0,0,96.0,1,0,
2024-11-11,54950,66880,4090,0,0.0,0,94.8,1,0,
2024-11-18,57350,62770,4090,0,0.0,1,93.0,1,0,
2024-11-25,67750,59950,4090,0,0.0,1,94.2,1,0,
2024-12-02,83160,77370,4090,0,0.0,1,94.5,1,0,
2024-12-09,74030,69770,4090,0,0.0,1,94.9,1,0,
2024-12-16,82910,74170,4090,0,0.0,1,93.4,1,0,
2024-12-23,82790,80610,4090,0,0.0,1,92.9,1,0,
2024-12-30,60480,66410,4090,0,0.0,1,93.0,1,0,
2025-01-06,51130,65750,4090,0,0.0,1,89.7,1,0,
2025-01-13,57150,67840,4090,0,0.0,1,84.6,1,0,
2025-01-20,53520,71460,4090,0,0.0,1,83.5,1,0,
2025-01-27,51470,58880,4090,0,0.0,1,81.6,1,0,
2025-02-03,34590,53420,4090,0,0.0,0,76.5,1,0,
2025-02-10,32520,50800,4090,0,0.0,0,70.3,1,0,
2025-02-17,36630,53730,4090,0,0.0,0,72.8,1,0,
2025-02-24,35180,51240,4090,0,0.0,0,71.3,1,0,
2025-03-03,30070,40800,4090,0,0.0,0,72.0,1,0,
2025-03-10,32260,40920,4090,0,0.0,0,75.7,1,0,
2025-03-17,32720,44000,4090,0,0.0,0,75.8,1,0,
2025-03-24,30290,40990,4090,0,0.0,0,75.6,1,0,
2025-03-31,34910,43970,4090,0,0.0,0,74.6,1,0,
2025-04-07,39250,47790,4020,0,0.0,0,76.3,1,0,
2025-04-14,37580,42610,4020,0,0.0,0,78.8,1,0,
2025-04-21,40740,43430,4020,0,0.0,0,79.4,1,0,
2025-04-28,46110,51080,4020,0,0.0,0,80.9,1,0,
2025-05-05,43340,56790,4020,0,0.0,0,82.6,1,0,
2025-05-12,44320,52380,4020,0,0.0,0,81.1,1,0,
2025-05-19,47530,46820,4020,0,0.0,0,82.8,1,0,
2025-05-26,39610,50810,4020,0,0.0,0,82.8,1,0,
2025-06-02,50730,55890,4020,0,0.0,0,84.2,1,0,
2025-06-09,52460,53450,4020,0,0.0,0,86.3,1,0,
2025-06-16,56080,58860,4020,0,0.0,0,89.5,1,0,
2025-06-23,51330,54330,4020,0,0.0,0,88.9,1,0,
2025-06-30,61640,46430,4020,0,0.0,1,93.3,1,0,
2025-07-07,70130,52100,4020,0,0.0,1,95.4,1,0,
2025-07-14,61980,57190,4020,0,0.0,1,95.5,1,0,
2025-07-21,80410,71280,4020,1,3.7,1,97.5,1,0,
2025-07-28,62190,69460,4020,0,0.0,1,97.3,1,0,
2025-08-04,82380,65710,4020,1,7.5,1,102.1,1,0,
2025-08-11,70920,56810,4020,0,0.0,1,100.7,1,0,
2025-08-18,68030,61690,4020,1,4.8,0,100.0,1,0,
2025-08-25,37650,62420,4020,0,0.0,0,100.2,1,0,Weather: Punjab floods disrupt field access and dispatches
2025-09-01,41750,54690,4020,0,0.0,0,100.9,1,0,Weather: Punjab floods (receding)
2025-09-08,55160,51600,4020,1,4.2,0,99.9,1,0,
2025-09-15,79670,50940,4020,1,6.3,0,101.2,1,0,
2025-09-22,61080,55200,4020,1,3.2,0,100.1,1,0,
2025-09-29,60060,61660,4020,1,5.6,0,102.1,1,0,
2025-10-06,67270,58440,4020,1,5.4,0,100.9,1,0,
2025-10-13,38180,60340,4020,0,0.0,0,103.1,1,0,Competitor: aggressive rival dealer discount schemes
2025-10-20,43390,51390,4020,0,0.0,0,101.9,1,0,Competitor: rival discount schemes continue
2025-10-27,58740,52810,4020,1,3.2,0,102.3,1,0,
2025-11-03,75820,66370,4020,1,5.2,0,105.6,1,0,
2025-11-10,58650,60100,4020,1,4.5,0,103.0,1,0,
2025-11-17,76400,58760,4020,0,0.0,1,102.3,1,0,
2025-11-24,69320,65650,4020,0,0.0,1,102.1,1,0,
2025-12-01,106060,84190,4020,1,4.2,1,100.8,1,0,
2025-12-08,91380,74350,4020,0,0.0,1,103.3,1,0,
2025-12-15,105860,81560,4020,1,7.7,1,103.9,1,0,
2025-12-22,79860,87800,4020,0,0.0,1,102.1,1,0,
